arrival_rate,service_time,num_atms,avg_wait
0.6839992087951577,6.1451370093904965,5,0.07901924348240474
1.3609306365511413,4.593746151589168,3,21.736328493061265
2.0775384307951397,6.125861045950573,5,25.71584379923912
3.0970749393710273,8.030220115134956,4,33.50311173240081
4.946870750254086,6.85003327893045,2,44.17043648805557
4.5112166804670295,7.228052439785843,1,48.56683951771492
0.5770171427497106,6.019533814120484,4,2.7258280002346646
4.03793893030724,7.192407062240617,5,32.03798229867295
1.826792430252235,8.704294588780499,5,29.590677518441517
1.1249769162647594,1.7847931162211914,4,0.17126179664413027
1.1858289885581639,6.336816268398607,3,21.910430492667693
4.67631254371426,7.678255676727059,5,35.97605329794299
4.955338983164098,2.4038093351116276,2,37.53088617307676
3.445270984758214,6.421011979237187,4,33.13043713838572
3.602912726440129,6.848782237004198,3,37.74759847208337
3.365313481410615,3.579664756500332,4,31.013750803616457
3.8613536476865136,6.153861194778319,5,33.6318061350293
1.7268038608361402,7.5658853226856,2,40.58846915185568
2.908593535085132,5.547235921928022,1,42.708476381684164
1.0139435471394183,1.2425427398816589,3,0.0965579467640072
3.235559886526301,3.3667765064574633,1,41.159816648944165
1.374101065399707,7.346842251694947,4,21.93928571611366
0.6980785304090238,5.833411131837698,5,0.5896700602863407
0.6819528980104521,1.4293728174052274,1,1.8274615283644
2.7147586846809513,2.0990264692188845,3,21.086770434494447
1.949338535079154,1.8909624167126855,1,40.67368760135351
0.9375000923451984,8.859402414340671,3,20.14198134960096
1.3033984560608485,8.473300680372665,2,31.676317882509803
4.954226618543712,4.604469157737325,5,32.5185187260545
2.1813254558373463,1.1620168241882667,3,1.625677370274632
1.2921207085945814,6.90849515921305,3,26.993526455688826
2.8729848566988525,9.28752675540084,3,34.674650982591146
3.080674701499222,6.427699108653162,3,28.04083473077122
2.2728410773022785,4.779378112428856,2,42.77586675738782
3.5079238099425165,6.5412492680317955,3,34.2744381067196
0.8246530798643841,1.7277637214197918,4,0.007530408285121553
2.385561937210605,7.89952966772452,4,33.43210759396021
4.484427343951885,6.701114132618466,4,32.494679721295576
0.5378128549180569,8.18944633684657,4,6.215495996918688
3.142214602107099,8.930283871909765,3,30.802371114861753
3.2417739269476846,4.307987965413197,1,31.7263304498315
2.7154736388791285,3.0388902742101593,3,33.07916908914694
1.1634111159605156,4.067277157522288,4,11.34980927624125
3.3511152268279347,4.928613481051087,2,40.114657518537015
4.1488109933441235,7.285692304235379,3,45.78910265587519
2.3358185868382604,4.734407612139946,5,30.359798380190337
3.0193836512532197,4.604266715545579,4,32.630400924981465
1.145873459942691,3.680666988032999,3,8.403990697255443
2.838993175642088,6.595590288362252,4,35.26534805951509
2.1230487323050045,4.92328389556691,2,37.62726572045486
4.311778444105274,5.490317638369401,1,38.725846271834754
4.715416072210036,6.580140499348349,1,41.65057181066662
2.2192724786681914,1.2425042179407617,5,0.09447578174323013
4.5215913572045,8.471531600424608,5,37.132414511025154
2.547560539131829,3.9883918080394882,4,22.51809553453582
3.0425665381491926,3.1873131015475398,5,21.50830187181103
2.9983200375456507,7.7722907045844565,3,38.49730870322329
3.0906514433252577,5.010042476942416,5,31.569432139167006
0.8087316581973216,9.773250318227154,5,8.452891964514762
2.573511651098094,3.6531362275276527,3,33.633410960839505
4.1303804481031285,4.783044744455923,2,40.818890898437644
4.166635680942781,6.391144594768964,3,34.408199700101015
2.1819835676424324,9.425745357301745,4,30.207323481578086
4.030507207967922,7.88258045800465,1,34.16505434308193
3.890127705006167,9.628029162807845,5,30.55999328042207
1.349814942200024,5.682511951461008,1,33.59958575360969
2.474772305991361,1.5899900465065768,5,0.8759121999870888
0.5013529058009497,2.255410473846928,3,0.19785588552647518
2.699826965111571,9.788271409172445,2,32.502890776958075
0.561189287294463,1.8138277465512522,4,0.0022662568400675376
4.232516072349448,5.134398527263777,5,34.38137002155584
1.5025728954781001,1.5926509833352758,2,6.275907071326691
4.404918655134041,5.33756833410877,4,37.570308622974316
0.7898493906239803,6.413400223144739,4,14.459936064490984
4.542763821252847,2.6628907138379256,1,31.12063308143247
2.45636375222712,8.568819068381675,2,40.124407536637776
2.265476077126182,4.502698651685581,3,25.84317692806864
4.358714115933003,7.297221013943593,4,38.95519863739991
1.1193953519958066,1.6211071404760475,4,0.010487440287349029
1.8765737328457275,7.936540488474431,2,44.51471355674383
4.880961289977112,9.971832830356124,4,32.935096989041654
2.594999374312808,4.651614548388302,3,28.047138880586377
3.974189206152226,9.626739167336225,4,30.97429236762697
1.8255101662120548,3.1225439646727526,3,19.25983996246907
2.3599976615500924,9.45585660394538,3,32.57688249124959
4.692828670215474,7.660612457645123,5,31.78496923019831
0.9891380818316544,7.851893785789579,3,26.841044706702217
2.536206432311683,7.0895817812023,2,42.869135422940914
4.315533816211083,3.111168457382516,1,39.08948236911998
3.84071462865562,5.316461232949237,5,31.524965048175442
4.421402272465017,3.0159906569442727,2,42.24976811530059
3.161849708745427,1.0396165714507664,5,0.11021666023096927
0.7752065041013614,5.414719577651021,2,13.75331545262884
3.8806374343000365,6.2614576563571065,2,49.22911638554765
4.566707180184328,9.514238207576346,3,42.736088535292744
0.7919671033794529,2.2626971353889056,3,0.14982227770237364
1.970837871900354,7.140154598539492,1,30.613959216159564
1.803935024583241,5.545805188951041,1,39.8605583404688
4.087021163231991,6.020704731214905,5,28.519908085778997
0.7001337766950173,3.5714359176926584,3,0.5650062487323771
4.814852925273221,2.2249088253575797,4,26.510418432785652
1.6779838582299864,7.133994859650263,5,22.538493105771728
4.35809166013105,9.80258238447093,2,41.15250941897537
1.4406426544610582,1.0172664966487472,1,9.57646566998172
3.65303670326829,9.891251181298994,3,35.45100222673193
2.8293317412248418,4.796475779097266,5,25.57493286707389
1.5478671225980785,3.381474356769814,5,2.0066650931999592
3.9515811080675483,2.771228349341561,3,34.82855919285953
3.049182225014793,4.655896531636422,2,40.66051266308911
3.354094598092969,3.044249128166289,4,21.274459728229537
3.3532807953108588,9.812635690059619,4,30.982136450456316
2.953541185632775,1.8071600803427454,1,36.829391204308656
2.5302635148809296,6.490439896737981,5,34.72605966027369
1.0840231711530548,5.065613948974984,4,6.123885350512626
3.9969191202702663,3.035454716729855,3,32.47803338521531
2.740016544268565,9.295398324017546,1,46.73484290062572
1.2586211325813046,2.4200044935127023,3,8.097250547319966
3.365983781515474,1.810561196376951,4,13.19739420847509
3.4641483644761637,6.550330300381765,4,34.25769458777504
1.1434058070839141,2.1398068325038837,1,31.841497621737215
2.549936152162255,1.6909138228173015,4,6.223260155101093
4.401572923584764,2.948913696377295,1,47.99208925079737
3.314351166674212,2.5719758248153504,1,49.310947196067445
3.331489697022568,2.280012376307634,2,39.29390386327705
2.8861556158672625,5.2965468347451905,3,36.82549112195997
1.2424775814980404,3.46787474697701,2,32.29542441342278
2.551919997896725,4.701401419500886,4,31.19421819007614
3.2399120504276793,2.3691211578246087,3,23.751145420658727
2.606525601157478,3.3377473585549984,1,36.34792861530263
3.4500666704440155,1.0523358243241332,5,0.1273401312176823
3.150009200544919,6.264785542928221,4,37.645888157622174
0.52510083962885,3.4567946621225127,5,0.0
0.5102783114147288,1.5276494804408687,5,0.0
3.120755125339931,2.6389348465930804,5,17.121140632330967
3.904916227089224,5.560273684627437,1,42.84732850986955
2.614518573706493,4.912587499378766,5,25.225537319157713
3.0976199161363596,4.3245743355891655,4,27.991529112129186
3.1275111897360923,5.873285571134144,1,41.80433731643318
4.986714022464115,8.873970403473393,5,33.884026906485566
2.8286673146728902,2.588046079999464,4,24.57541551585262
4.100465652474462,5.244047450631403,2,46.611986466228856
1.480655220799274,1.6704686945919032,2,7.559417275183424
3.2122799563037976,6.404526494648156,5,29.544991079445346
0.7716951773714069,5.365052622227545,4,1.8856707230690435
3.0020479099179154,2.3716151656239814,1,33.54562052652506
1.9368521150751405,3.404965086644021,3,27.092267651164182
4.029263313124524,2.5217170895218084,1,42.62363243952674
0.7239114003701269,9.109300722856442,2,32.451629862305886
2.8686198716292006,3.3238769516728874,5,24.16597860977402
2.574520797750911,5.017032295118647,3,35.77239238328674
2.2364568704990218,5.958258195674273,5,18.74471265040445
3.8065064073471153,4.142811926384694,1,47.688628369068894
2.7388724212761892,8.139986921191499,1,36.29381396097275
4.968629117368256,4.938658343454377,4,36.58511365403265
0.8498312235536996,6.981659439356983,5,13.93187560521604
1.8378123079066275,2.2592514854659322,5,1.165452933535924
4.456803227894175,3.870776420423649,4,38.224546570441284
1.3941474735320551,2.2939023886151233,2,16.414521935260478
1.776544223190315,6.168582303183929,4,21.961185181012297
3.5667235470416454,6.694000292149837,4,38.84992230752824
0.5811272737458215,1.7230178994325196,1,18.62867126055724
2.52229879624909,7.784381276498219,1,42.501835970107585
3.1538131895451524,5.9240149945201726,5,33.999592886921306
4.348965682052635,2.0290654702734963,2,32.46527370580946
3.015192400015381,4.691360707776785,1,44.223654478903946
3.6505980598933183,3.3149516591687505,4,30.27878688213128
3.9460629896704216,9.399078023081161,3,31.694142874374876
4.684095204268443,2.5777794963370324,1,51.51290787498416
3.1858677896345444,7.883525879748664,5,30.148846309530438
2.652399449613244,7.394760702418475,5,30.114753889823422
1.6444006460748124,5.407105246859842,2,36.01585603227379
4.229081265294509,4.9271232418281965,2,37.97342043660243
4.585998692717113,8.045086217048894,4,37.35064675603764
2.7636106725975003,5.42557217019925,3,37.65542922963918
3.156564930738443,2.8608776062926604,1,43.42956031603783
2.742209003051729,1.0277323233145776,3,0.8026750950189183
1.9759561812057622,6.757997446133606,2,36.3854680876775
4.013110304653168,3.2354502850912334,5,24.194958388098158
2.2855594527091982,6.952090923236926,5,27.04180365757787
3.5508973900136565,5.005413485780578,5,34.83392486091161
3.381163682609258,9.905171528925749,5,35.95071755378725
4.097522789469729,7.373833190023661,1,40.35885124004831
1.4098413305456585,8.502540996092836,3,26.186127070514992
3.5983182062202093,9.068262997359783,1,33.1047833772673
2.7749167534953774,9.666797498058509,3,40.64427738977619
3.042140946561654,1.3402146031600597,3,13.781586735717351
3.404737579786259,9.010175730069866,1,7.683934325505521
2.707381481772848,2.871268243172655,4,12.668443635182358
1.1566058590255301,1.968580600562527,1,19.118020323020197
2.9916260663115106,3.3630679439461453,3,27.588525903496603
1.467187353035816,3.3759131151349187,1,34.673568185108984
3.2213122242426104,3.388568743995457,2,42.03319453476377
3.4078122614701107,9.718321630241828,5,36.3461036604606
4.856185198249495,1.5463160100246487,4,18.01324214532098
2.259646050121306,3.729342824945835,1,44.26504361008467
3.45966271579945,9.446671874941995,1,33.607305858573596
3.201892053318761,4.916299683280538,3,39.305728276605976
4.145445502495761,1.935230611106743,4,19.917361837411356
1.1088665323589049,2.719984632549106,3,6.843689253632708
3.970051974496627,8.41141755663178,1,29.982505332522752
3.4022545033273186,3.509466131126113,4,29.970859477002826
1.8412463436722672,9.55881845748445,3,27.32932434223558
1.3121499080056152,9.959326027926402,4,31.617325264606272
3.132064103421823,4.53789910203851,3,43.018233340008486
1.2316766526490663,5.857815259801755,3,24.245130280396467
0.6665251021735025,1.6657196755507502,4,0.0
2.384468286630154,6.514883520368733,3,23.32339567354349
1.865450070124225,2.683475950360548,3,16.534621677986394
1.280228754911331,9.874962921613678,3,24.310304357332477
2.423290414824055,4.564506743038945,1,50.91071015951108
3.079315447676264,1.2968428745334943,4,1.652644241137385
4.957819874950648,6.251824738419285,3,44.129997181532346
1.0190542725252127,2.331466675698506,2,15.376518734486542
1.5539711826970966,8.613683918911043,5,23.59960227011159
3.1308838049011434,4.514738681717375,3,44.37649727497663
3.5440153657322355,1.7750605409688065,2,30.505015655059395
3.0677894211338015,8.360120520381297,5,35.65564579109649
2.1878991455794328,7.309744608157145,3,34.85577951576272
0.530229744741997,2.417275862282068,4,0.006166966948897586
4.50566310022256,8.005123012850234,4,26.641016693366158
1.7869018593875259,7.896680420344681,1,25.59299525441689
3.6918693744976254,4.215263271732343,2,36.64305512110426
3.45949547671562,1.9219983232485562,4,19.597482939767023
1.655669496938746,5.4931488754855575,2,33.50453720196004
1.3240290164183086,6.149312892143518,1,30.142805419330784
0.8938813424726519,8.148955425726797,5,11.49862369815502
4.0618469563068205,1.599099928033745,1,42.0301244691023
1.4785964940252272,4.737611824740421,5,9.555759884496497
2.6577399917980364,2.488244875911741,2,31.35903617298436
4.543324500382903,7.113698107753043,4,28.435453867480238
1.1379699785504656,2.265350573260325,3,3.8942222601741547
1.6179909470058123,2.7061358709884757,3,13.12953029609997
1.039285091501095,2.8548167034116956,2,16.116570911535717
1.9593645872202847,4.991940304085295,3,31.600170550314246
2.953400956491788,6.542679129684981,4,34.45626316446428
3.8208366512435292,6.6178850349609135,5,27.486934067430003
0.7035765205388231,8.76678004512761,1,40.07822879767969
1.6115427898317798,8.907538614724409,3,34.87108071503116
4.480723171669766,8.020655800992163,4,30.894560236957787
2.416199900159417,9.900628587418257,5,35.48857460354291
1.4766115779815037,7.487909870183832,2,33.29149154619429
2.4453942516549145,9.229804476257128,4,23.695135247798465
2.7473659124134597,9.622702129338773,3,39.50282856028622
2.5626158812515887,9.919342238516807,5,31.002878556095993
2.7628710506461256,4.40965995204956,3,32.9616256409386
1.6012519950953428,4.119477179469133,3,29.40335327409188
2.128302915716943,6.748415024486978,3,37.40770516697398
3.3337648099315222,3.2342958347358532,5,23.530368796058845
2.508153797569721,6.623488485430219,2,31.697681956682146
2.1374513306853014,5.7316264625744235,5,19.294964423709697
4.205297424364211,2.4051729388310803,5,24.88273908538896
1.6306636967069181,2.9997239576767245,1,49.41421105976746
3.9200978040720815,2.2477646128395663,1,41.824903644893105
1.3132081991542457,6.070140774784646,3,22.37023450641011
3.894127212760036,8.40810296192728,4,35.24158475156581
1.0136276869578962,8.752859018821493,4,16.0606142945984
0.5636931466734878,5.477098375280281,3,0.741771540420308
4.936733417407547,7.790378345134934,3,41.16586613030936
2.1830418224175796,6.578524650667826,2,39.695531597020654
4.444664400364696,7.624550289109732,4,34.2852984769348
1.4033800932430467,4.534650091148843,2,26.314683760118257
3.3530151182347896,8.04912779985613,4,39.660251848379666
3.748217838637497,2.2950003507040893,4,18.400011667313674
3.495859175202778,6.834269259576971,4,33.94911543205685
4.612648745302001,3.4144948186176416,4,32.051849946043745
3.35708236914645,9.944523989335725,2,48.16456609276191
0.601347649682278,9.973077182731084,5,13.239531781736012
2.143644624626324,3.7474899483472557,2,36.082113474186045
2.0113320228013873,9.027230508504378,3,31.78244371953422
3.0510089703861785,7.055455461478653,5,29.253364962246085
2.8067389620936107,1.6901129281183684,4,12.080857548878395
4.919306152509438,6.3204975964383605,1,46.771622896425306
4.589129842590058,5.384603818018599,2,30.78991792593926
2.0270926176932895,4.725835577854983,4,21.14564742746026
1.7037579032066519,7.325054543937426,4,26.50623256177348
1.7253619438527168,8.141235613316248,1,19.473299312100636
1.0379072659087782,5.201922268065886,5,2.026007563893462
4.9542540609664725,2.1838820563953503,1,51.642553286437
3.3478599420809685,8.645463186584353,5,33.29407141790059
3.9776584610053427,3.095396408901076,3,33.269230289535656
0.7121903233414778,6.092202761369882,1,39.808651112245975
3.33773457903865,8.93517985661899,3,46.36534918218316
2.0518725216842406,4.28957227435423,5,24.478537389993843
4.617752651827525,3.1487608886350187,5,28.58261493891454
3.269111925935641,4.263810886664057,2,38.74697194244057
0.9653492914463403,1.072632564245568,3,0.040824720211386924
2.4076835443090507,2.440718571929505,1,34.681505600246155
2.688500639696572,1.5821669325239887,2,25.125236166766427
4.36768158468329,3.6436222490479375,5,29.984574047232424
1.7025135073393907,9.336916779891437,5,18.799629363969963
0.7906929703569773,3.7053077076506478,2,8.883786792778322
1.328633274689926,8.030654869567787,5,30.605073701643867
4.259432553915878,9.638534821466383,1,50.22984332604172
2.101636068346886,5.752465833310509,5,30.75161770392297
1.5559844708247224,6.02367547847929,2,34.78973345809899
3.3251751022348492,3.731139137216431,5,28.607265356742346
0.5159483389655676,5.836969349523973,4,0.3585569131452733
4.863175807462694,4.381901248714398,2,37.12343467945823
1.5469872427724483,6.202465140964571,2,38.925610606926995
4.685724482315274,9.998652368376574,3,38.569855403429074
2.9011492406445374,3.4456800659171436,3,36.11634486937227
4.742341546732232,3.967166038903997,3,35.51709111232817
0.5155241416215399,1.1673456455954723,3,0.0
1.1538018335450215,8.646381179095725,4,27.49267009769478
1.8190604005613884,1.9557426971974685,3,11.73066051315367
1.205577798592143,7.943452569312444,3,25.98201563547502
1.8241232938524794,9.724047400577074,5,24.08284934285549
1.2652611601803236,1.169934141916386,4,0.011926844542449863
4.561792684839242,5.0776765644121316,5,33.10914723331159
2.262966011255706,3.083342487294338,5,16.11637490599734
0.571404162788543,9.441120987191908,5,0.7174768085189562
2.8425070706712363,4.278503846853467,5,32.75624703635009
4.125905755222853,4.483703344086477,5,34.4564290893652
1.0420763032942542,2.4118874339070127,5,0.8840002218812383
2.309068061079349,9.690522892774386,3,31.555638973050897
2.4180533295228157,3.438252508608416,1,36.93785061373483
0.5664290507350649,1.261531852093814,2,0.4141314227333822
1.703060045931919,3.0900676593945597,4,16.39144026373844
4.088328702154885,9.298021354334033,4,36.80901681715862
3.350085554163487,7.030547242660557,1,39.116168052172746
2.1792285750582874,2.2228598600239966,1,44.37907681994701
4.462033475443167,6.990654947054333,3,41.752346616894684
3.4475917544113006,7.20360117270633,5,28.062892135771182
1.4921807748133658,5.227749488984914,1,35.101193253491886
4.879302654792269,1.0362995995363198,2,26.12190065041872
4.203033830778921,3.9293235082534688,5,38.2025211017819
1.9984645084421726,6.523793612308353,2,41.11131079393057
4.588335602222914,7.85681034046268,3,39.59012008435889
4.69270197447183,8.030778670730752,5,41.697699310594736
1.5438630641893734,3.3899611742417672,5,2.415662298279391
0.801779731746189,9.73693491622034,3,29.822006908833277
2.163419671543408,5.054596364363754,4,30.927934178617427
4.400485852873524,8.577098814580548,3,37.471949576860034
1.6047589182501971,6.383478498959041,3,39.849254450746564
2.076917535546877,3.8683311070951234,2,35.61666540119419
0.9870647498800077,1.359132720711274,1,10.992915269940369
0.5063755895853699,5.801512777349506,5,0.21771152963616977
3.584926967091258,3.4139488388855614,2,33.714661524336556
3.417473649802818,7.529876725470261,4,37.45196617014918
1.5624714263918675,7.678085175675526,5,27.743271011273748
1.7087505035821882,8.586325254967079,4,29.298468749284314
1.414854540004572,3.1706803900307876,1,39.400664016994156
4.744843647581562,8.205565156742626,5,40.215230143938896
2.903479972556871,5.827082657329858,3,36.69041063573422
2.826261697186196,4.880199122872621,1,35.09495330877334
3.6032074811153607,2.794427232300386,4,22.798792537089533
2.3655362345295456,6.7786534927913085,2,30.77834956722953
2.6748299133411173,3.6892290495331777,1,41.91382434198522
3.209226093064796,8.894044246189466,3,41.30657012434146
4.098111827862822,9.429223788852541,2,32.4532113927228
3.684430508634705,3.994493231664704,4,28.92618078584308
2.736939347722563,7.613770477571308,1,37.00741757908452
1.5591795895836316,4.202784159177986,5,6.934617204237551
2.6576824288257304,1.111096393868786,5,0.11099800130999343
4.481158262663323,9.100076555210144,5,29.821321177910615
2.0206637528166604,6.915975933435508,3,33.7775987292487
3.7610681031917337,5.152732977641591,2,32.95664923216928
0.74089780955004,5.233048797996536,3,2.1603087641762744
3.0980053719526413,9.64250143895837,2,36.42355752014951
0.7398871708017987,2.0162660812486255,3,0.6547021765577486
3.7909957978838817,8.051963415956262,2,37.44682266003092
2.1480499075488764,2.74403418736786,2,28.987980584727428
3.83136454325756,1.8154132316947988,1,32.584677814201115
3.84706432292628,9.729114782769438,2,30.630942748248806
3.709346497807524,9.065784163061277,1,56.83014032735402
1.4411886368189648,9.584879295076611,2,38.261745164356604
3.1544477782802525,1.4661000281995835,3,8.063366972391812
1.442321345963857,8.044902784218301,4,33.98557861396344
0.7114266671243972,7.776666363043599,5,13.961836940488709
0.7377225765207038,6.803819646433167,2,26.20082499728392
0.9954479630324178,3.278675754284431,2,21.85517496597705
2.214140671915408,9.677058890914001,1,43.71730143021266
2.9709742644719364,1.3777386177325441,1,35.03372454650894
2.0893079295418593,8.415649364783116,5,28.40431103449956
4.227010599363723,2.020593101136819,5,20.10476661411072
3.8337912000646464,8.3319955344784,5,35.09206153434574
3.7122521831837476,4.463109420604131,2,43.25383581412205
3.375564853718631,1.139149692646027,1,30.706203604726475
2.9581412040011017,6.059126790379202,2,42.99737048637562
0.501572656437222,4.575010833644914,2,8.411649879792458
4.549436365662582,6.255085562495664,3,51.07525287669708
3.139253882165068,1.6765617354248508,5,5.695341891238161
3.3036262733468043,1.5011509031116552,1,32.48770112804016
2.2059885393899377,5.192413419582455,2,41.27686523367854
2.3496256031026284,6.7774549357280796,4,26.66762167068389
4.360816064601103,6.75931428418192,1,49.15515472158327
0.9322712735192977,6.850635533168478,5,6.477233479484631
4.768147433956288,7.097817242822355,3,46.85855362279438
3.052815794396147,2.487026029231801,3,23.529677967846883
3.0785452966670084,7.870191689345587,4,31.908944580413195
1.571526755576056,5.435265260280705,3,32.815596317759976
3.3735370662242232,2.611232824718609,1,46.40825493627627
3.545738482700327,4.503034248214776,1,36.08639927361386
3.741361042114535,1.6026602197888553,2,27.41166790901176
2.2637356857831437,8.938736234404296,5,28.949765303840454
2.9382928879958596,6.593498784818582,5,30.323466147427443
2.4980689184195235,6.6763439754201235,1,36.40797118586292
4.626200443165744,6.377083378167678,1,46.42407286168165
1.8664835582169383,8.318835596555761,5,28.40809955693412
2.1407223293526148,2.4371901380570584,5,3.286304096547949
0.9102531877333595,5.867314011093652,3,7.138417657284936
4.27534539426504,1.6377726563877053,4,22.48850904216968
3.6627384517831785,2.4837607437045732,3,28.044021252938744
3.0667463626040288,9.043999747353427,4,37.83648978925458
2.2814909179325897,6.703451438356741,1,32.05202340031733
3.0184188420512745,5.334137663164076,5,21.312158880085686
1.8447344113532098,8.143880731999754,5,24.415017683261738
3.2060958389647256,4.0571331868095,5,27.300979359790254
2.1609867119861175,1.8509480534797642,4,2.0835507772992283
4.4743059221338495,9.155760517822214,5,34.11041658156401
1.322443712649895,3.2833921674599895,3,6.454067941935409
0.6914463921564983,6.000678067237451,2,21.596382131618427
4.590331611937621,7.946558665855135,5,36.29626472690571
4.062604179970314,6.808433372394459,3,40.739983911540925
2.350961641735388,9.253484467940307,4,43.531805872286895
1.6308165008900704,5.059157131478111,5,13.475323948038108
4.300956839809256,2.699241422375919,5,26.88440270053306
4.638370041630463,9.679562876769438,1,36.85757638905253
2.392818443485976,1.0690357591562556,4,1.1857778653173439
1.5685145607655544,1.933748992221041,3,5.674520744965156
3.9811316692036276,5.5604605078191485,1,47.05833060108115
0.8428272009437929,4.549339597635243,4,16.917909398004536
0.6834050273236203,6.513409629878399,1,23.720845824443998
4.60778608960792,3.7692640471685217,4,37.203551297920775
3.619535478809755,5.739917895838683,4,40.60705888397723
2.372502592115705,8.691661204983447,5,24.62686525578473
1.273028838871392,7.025020917681077,4,31.304876883611556
0.5800253879514181,1.078231013632342,2,0.13528530332188451
4.385898284147963,9.143184069443878,2,42.479711765485796
4.3655577428609895,4.551548638650701,4,35.21954971212258
1.1076217506757802,6.230997933911457,4,22.269819618328643
4.565610730801569,2.5993311112092767,3,36.08067659548984
2.2381587417955924,5.951201512673639,4,28.02780156858675
1.4004554555483628,8.189090621989386,4,22.429330029607954
1.7427913627720615,8.823103051634424,4,24.905398857949624
4.428982102629426,7.306784680843697,4,30.596690770016327
2.302100317558825,3.6933267843332946,4,27.32913917927853
3.1302490958333813,2.0085726166796034,1,39.777605173417804
1.015806398144253,4.7592877722792775,3,19.887897702512888
3.584401382969921,8.652122863376391,4,30.094019585362403
2.2229292290558673,6.605629490892431,4,37.58664268299237
1.8352085302129706,1.8839257542457264,3,11.025913903257234
2.0002130314303486,9.491494042530972,4,39.456446693726974
4.010077312102197,1.8381384122238398,3,32.690290908251974
1.7644445763003749,3.5521015213498077,3,24.27096955011584
2.864782887221477,4.708780848943226,5,25.724006606687542
4.864804064833493,8.758012381016595,1,43.63855182251139
1.2863188242323387,9.98774253079258,3,20.030725519668675
2.3281926427096957,1.4829146592643556,5,0.5562973477795824
4.9255004127639115,6.913580387491705,5,33.57449916451877
1.926824563808231,2.353184660012452,4,8.00452372888671
2.455229197844969,6.069985912329523,1,36.92649071862058
1.6934697020802716,7.722975619263377,4,21.894110104382346
2.283675034442033,5.703384760012746,2,38.27110718508214
2.2074885889594604,9.595632084965503,4,31.32030052929962
1.8236533833830457,2.9169669151783504,1,36.71847791709543
3.1509559118729005,8.158554679871889,1,33.705347041980744
3.8762590983031178,5.2144641531439175,3,35.8597556047397
2.9163708951889746,6.001246319305833,2,37.2148422250578
3.0367266574029124,3.654926512212405,4,29.495014953161636
4.732526796248726,3.003937096774072,3,31.467731515155805
2.5113130983581127,7.65197294727541,2,31.991913784737577
1.603518573409917,3.6077700522319507,3,22.37525221659325
1.7633380108842085,4.71096633750782,3,20.311923717977958
0.757271351037589,3.487991974376142,5,0.24807313464965078
1.1734054570438515,4.158834843427577,1,34.604161946279525
3.38320915211393,9.122411461030588,2,41.247076194185176
2.365676756820812,8.267540592679158,1,40.630870578158465
4.877538078932057,3.1442496725026454,5,28.1475397293547
2.5328521605033583,2.8935144989879737,2,37.49656006158762
2.919173169487046,2.8142786800396893,4,25.19857736377074
4.828582516464447,3.268900974815934,3,39.54881927214631
4.200307006689618,5.794288920675044,1,42.80227914605245
2.3263242884798796,4.711009485356853,4,34.23875382425717
2.484427582466914,8.280837722733597,4,31.329579467904377
1.0016978243555803,6.56536190410276,3,16.870688864473674
1.4709397121680161,4.7720639960655795,3,27.728406318816763
1.5508857125827205,5.737874708540482,5,19.330456598537545
1.8669095379932723,3.8372873556365326,3,30.173780507147647
2.589089906182436,9.034171160834342,1,46.81666396374343
3.4485796975374585,7.687051375112992,2,43.889678147091914
1.6653779030485958,6.2984768137519875,1,36.97505599774814
2.059057596948074,9.380172044126605,5,33.67535243943747
0.568306291776647,5.726701016626573,2,12.419442205646565
2.6338176954191366,6.013469694877223,4,27.895368657991984
4.192156296677172,5.698813223828762,4,31.700180596032563
1.078086908373321,4.432498909532318,2,26.101520970053524
4.675508763987874,5.520554125000105,3,43.66656573512534
2.5924207024043304,1.7376184479575945,5,0.34485057936739727
4.696425032190936,2.539852633884548,2,37.91900512553659
3.9433314328721996,8.884226570346513,5,39.60563165618509
3.2629298798869835,9.956611821182825,2,45.518125158974634
4.674620193571512,6.28719297925069,5,34.59072172546907
2.64655821644326,7.42792869012251,5,29.541566138426898
1.1669408880244612,4.718926441873936,3,14.719989465449828
3.7244553359790773,4.126670617869636,5,28.119019806297295
3.330627010076837,5.181666724673952,5,30.531848592157306
4.168393683268777,9.752987131851112,3,36.149219838050406
2.630006856264491,1.0964435554298648,5,0.0916209261710505
1.1408407121621673,3.199166304769646,2,27.01074568069889
3.877398848749824,9.541994839639212,3,38.037171481836815
4.213477353036758,1.239672471592444,2,31.30049062615453
2.968300002218405,3.1350982046855007,5,23.236505643764687
4.409647902894292,6.267119741030554,1,51.834120998063476
2.1706223505573536,8.868508415390647,2,51.43309973754681
3.274516693053309,4.501460046300412,2,34.8167160888282
2.245972930725145,8.655778443715429,5,32.19170537779899
2.856770452583599,1.9758138194289159,1,42.29850642631576
0.6352951279765534,3.6485168186789783,3,0.32354274488351936
2.5654632309846033,1.2910977313612748,3,16.061284981086708
1.4664105172586586,6.050122447077543,1,57.16164384791909
2.196844508761803,2.84618996902368,3,27.277008689692206
1.4034044308115958,8.89643206586196,5,21.51427320713049
2.5040861595152633,2.209536176272327,5,1.5176354080351584
2.2922516992572755,2.0821959550812754,3,17.568916325239865
1.7264784717920896,5.8894585936474915,2,36.74928500292763
3.8788245103018046,5.890078714956456,2,41.877786086660045
3.7248301312999037,4.968484865143527,2,40.3690116577205
3.6232313145737383,2.5087309229461225,4,23.671373705714235
4.616018336719231,1.1949638258321313,1,34.48011677183669
0.6399641892917727,4.932805350740793,3,5.281203073537029
1.7503764773244164,5.730418361348127,4,23.73908848493516
1.9898979207602465,3.434407679001805,5,12.369050269154963
3.582830037329293,1.5481493445375016,1,39.24630262110741
1.296764477946004,7.584061211042017,4,28.6864164924004
2.0465246469124825,9.767524193743848,3,37.69657600021991
0.9268545764168251,5.258639179649828,5,7.662270092743997
3.266482662551522,5.026962834414639,2,40.153836956032244
4.990764816515227,7.865780163752412,1,36.88017622574956
4.750132274775275,4.2465616785928075,2,38.39564528337943
0.9747460053867429,4.628439692520698,3,15.445661812501145
2.0880098321764122,4.488297811286865,2,38.242242980778435
2.8156147022351865,3.313788675419382,1,42.7896689148284
2.1860248673441185,5.868822599510595,5,21.039057656552384
2.502385834494032,8.958327018228768,5,34.031691733582335
3.5877120437616403,7.529456339808734,4,40.57840380277598
4.335070559386333,9.205346822044822,2,43.880079912717065
3.711114761098864,2.8264065638517817,2,38.54990030303752
2.643618443779873,3.8227914807393377,4,23.967414811516168
2.6490673207339652,3.089195211855404,2,37.91508778639662
3.4591543729688046,5.141721045963303,5,27.675235250932033
4.280554120188789,3.6683374830244357,3,30.703265602729115
2.64263313348141,4.749516658667433,4,29.09861237035893
3.583306569615236,9.50621131144107,4,33.448721615362196
3.881491276134236,2.5025416953425808,5,18.68693700349004
1.3118886647467332,9.498467591980738,2,25.993841977784324
3.512544252052035,2.89172153235328,1,33.00551519878294
2.899836972269407,4.014809831147863,2,47.766826303736394
4.164177531675847,7.362202587397099,5,43.70449268280586
3.1944193715332636,7.157607180549238,3,41.287241099040486
0.6722851311357094,6.396251628000497,5,0.6846866869482551
0.6428661323052407,3.911301460460948,3,3.113439030631121
2.6470206520269572,9.650444833190368,5,24.343856425329655
0.8503294435695117,4.670332728842288,2,27.364301851378524
1.871825218787817,1.5377445814082744,4,0.6097375952287014
0.8049321378385199,8.633001881134746,2,25.058765476138227
3.9899169651882396,7.652961009810882,5,30.957834091378416
0.5063262390790388,3.0622588067553362,5,0.13055016346458215
1.0436512770980637,2.4070421418862966,1,26.813805991237736
2.7156937636202736,9.762920744321823,3,39.87155513925144
1.9222706111817587,7.5366982170187455,3,22.39063134955901
0.5702974600139604,2.0798763989630356,1,21.93107948589395
3.5436234645451887,2.18118240222671,3,33.73030743141898
3.548450386630304,1.4654055402261563,2,32.24738842682671
2.73227731429224,8.610916528404339,4,34.135839086165085
3.6793980486209206,1.404768132732618,2,30.33467947283277
0.7788174927300814,8.802788597615079,1,45.59253356353033
3.6390302592643122,3.8685630156445856,1,47.78743701544718
4.689956826088666,5.208479719182815,2,45.39856497937794
1.2980086380374605,7.95448896495731,1,50.4941306761644
4.427345664761749,9.6170950882309,4,30.154853940377528
4.82994559426172,8.478277877545779,2,46.72708693620034
2.187310117465631,2.476528296566067,1,38.77700179826228
3.5966869450371375,3.3607635623933785,1,41.795172338136744
4.567756124972208,1.3266049750411955,5,2.973112455377905
4.029406724712187,8.153715266271485,1,31.9778450886574
0.9141554092424629,4.229816274612076,2,26.676150850904026
1.275492461691508,4.714813987988682,5,4.147864871419205
2.277597504282746,2.413622140337127,3,19.170346014531464
3.818703606660025,1.2346783791770248,5,1.4183584252525518
1.1741511006323848,9.965970589632509,2,29.512231790856347
2.453593956836796,9.442343186947193,2,44.99284230740989
4.469031247470161,3.9992409042287385,4,36.94212924898481
2.4495308276776946,4.317141364390438,3,39.31828384407089
4.137332861201019,1.0708281829653337,1,38.19693080816617
3.550313990767754,2.7910457847688748,3,41.22012330236908
1.4771851653672832,8.200558010435909,5,29.908035990073763
3.4440929858457703,8.550679639834398,1,31.748712254077724
0.7837848097085804,1.704693699329424,2,0.7843158847220351
2.5056049195368595,3.745396805369034,2,30.99614066936421
0.7271802847870359,2.501000122506798,1,29.710073843424382
1.2576607801448603,3.6958825724820796,2,35.4633712383722
1.5973317541401522,8.852785283048064,3,21.95199930356128
2.4197894813167817,1.9356055184594787,4,8.830782376540261
2.276266208403166,1.607987547697597,1,36.71332063072134
1.3488078792727494,4.3065694441188995,5,2.815458769663513
1.2651686398557391,8.235316739160616,5,16.92397668498013
2.0041704836769396,7.7594400171620626,3,31.189884643309544
2.5499571135899424,3.879316432919711,1,36.83405766958177
4.938813732828085,3.5361907995862394,3,33.89972051019346
2.341632716725319,3.7653100548403957,3,24.742904316848616
1.7360448361952148,8.85647717522308,5,20.623684606288048
4.148310127440277,6.0838338307965465,2,42.76180389240207
4.755144770018208,7.709242550732237,1,38.35422525691274
4.243540423031353,1.1787315286453692,5,2.1472340946680855
1.413419659932864,2.1393238817897964,5,0.5389424450331929
3.216187412844725,8.69046552672369,2,30.982527526028814
4.695296183396448,8.589833985032879,2,26.805045187688254
3.7351845299366104,4.895801728111221,4,28.79642232407611
1.0127963526285249,1.449116734254039,5,0.0
4.156088851411754,5.611450027445654,1,49.06899933994894
1.6586437397265945,5.543866172722222,1,49.53363580625783
4.651371302475811,1.539869655680197,1,41.85518055968447
3.831965424670694,7.267220352395459,2,38.00294001595989
3.6414231651719975,7.771904755244314,4,39.03702545148794
4.4189419386008915,4.107082165353807,5,31.486684353788593
4.436191367414447,7.757348660043091,2,47.09496974687569
4.07311869422394,4.931928102742144,5,30.264609904706774
3.084531187700148,4.835762749427932,3,33.045289038266276
0.6251211447332701,4.56682758296299,1,26.532242826059576
4.496301329733923,9.843086265014875,1,47.00492642971878
4.904627262202168,8.246576672653099,4,35.25159802537257
1.4577734059645509,3.26094012226185,2,30.381231275482616
4.199101152628865,9.524560403969755,5,37.24766867953465
1.4464881312905735,9.36698485735992,3,28.11955438771326
4.197309972562776,3.9281458614748415,2,38.51280182296083
1.3724935654741293,3.625150293947693,4,19.275989460988722
2.672645513520685,5.35925051578012,3,34.21424711560472
4.670796298708982,2.2553034505821064,5,26.177651058188545
0.8950094956027919,1.4946508006050805,4,0.01385714938614671
3.8645724363580625,2.730457428193146,4,25.981750057195153
3.7571380275529624,2.59228376364416,2,39.8791185472517
3.6127903821767675,6.365844158257294,4,36.73698260120097
1.984198861691167,5.063413234834958,5,30.390381727377903
4.22413286733148,7.735375665840878,5,36.842583064866446
2.705893522821525,2.517507164114889,1,39.12884255551738
1.2032201380410372,2.5799658136822177,3,1.775215013764234
4.344812755106311,5.5489373737466,3,36.19290572665532
1.2400099210203106,4.86578071436192,5,15.303381541262539
4.456004656810378,5.699291955133831,1,40.83670317312796
2.063248987076264,9.61765121184375,1,56.73041653266563
2.701455098757291,8.305892238467955,2,33.82851019688878
4.373916924847996,3.129102929113933,2,36.949675560465344
1.8043548943899812,4.944767585195967,5,20.220566161684285
4.995170807035833,3.7754119139262974,5,33.25723915655319
4.866564417249713,1.110768483455605,3,24.3189973942149
2.1806288375324305,7.150682551122821,4,28.634539356670142
3.117899039808062,3.1320572435363623,3,34.30858591859102
2.3498404548981386,2.5495351218265254,3,21.426505953679147
4.346901945899585,2.0405715982481794,1,47.36094418115695
4.932018888695752,2.091495525305108,4,32.21253541933644
4.021423700063677,2.1388172522262963,4,25.727510943709866
3.588299126966731,7.650559673800965,4,36.094130468498705
3.5515456507803576,1.6620701753882376,1,45.49471212563884
4.637206625378846,3.067991007946521,2,48.02071278288109
4.025019895530278,5.880069952149314,5,35.901563954222595
3.458907888757992,9.519123275887788,3,33.84602992167066
1.3526550312133008,2.487753348242144,5,0.4208018234751832
4.08560197503564,1.6391356708122733,1,43.42329389159893
1.2012205045143967,6.2333382721351835,1,42.40936791900917
3.8905174862349643,7.145212564830557,3,41.83659440852873
4.126971792456688,1.0115247089498296,3,11.82785951084794
3.9847175816382077,4.570800807986117,3,39.10825483187679
2.726107035765909,3.6931081318160497,4,31.771517493353745
2.6875250644225184,6.872610286639419,4,37.961817788899495
3.669214967204457,4.3871907807882895,5,32.53835181462225
2.804649858121454,6.133127375922202,4,33.970434152704456
3.1289398158328834,6.038349852014869,2,42.868788485618325
3.669607698571795,7.032532348593849,2,23.0319225345134
2.698477885037655,6.5791760479342365,2,38.49891938380189
4.511209810717307,4.97582665591853,5,39.94732954217066
1.0867798061810483,1.490644342603196,5,0.0021247899197113086
1.7627926377981709,9.262267749741161,1,34.07138224434458
2.9337660145106685,6.884051459034033,3,32.199900345109505
3.406108095632347,6.293756306735367,4,30.19826842032693
1.896191483224915,7.248479842567528,2,28.868798922897717
0.6449458088090141,7.712071190308881,4,9.108730119116345
4.758379523182862,3.7265104419600936,4,39.984842890892956
1.7632843430849428,9.169248852153238,2,32.737676067783184
2.6514999717169454,8.612741689949651,5,28.399017240390904
3.2877110124178563,6.882225512077334,5,27.849190645334822
0.7423184245107213,3.619630437429963,4,0.022631647603267455
4.374482720345099,4.186241912744418,1,43.60836350285192
3.076006438593982,3.794113234468049,2,42.71507923946042
2.259647986821788,4.164611911192688,1,42.664637298104
3.038002550119824,4.628976577898958,1,44.59287926054585
2.8771663953855553,5.080908546223696,4,30.840878309806012
3.809901139898574,2.9660943255474077,3,26.56197993686543
2.4289404537236985,1.572222190895209,3,10.116498767823995
1.5518159112128243,2.4965901949586566,2,29.778895249505442
3.3640580497639463,2.350873481775631,3,25.438530117534974
4.820593873616191,3.595050972510057,4,37.723197754669
4.420776066761842,3.4098566319168135,2,41.75670279287155
4.902627505048866,2.9871327080260888,2,44.599571885161374
3.1005845160896977,9.278761615811016,4,38.453152607464936
1.6258270942081543,4.507780079563952,5,8.922136496207335
0.5918202827289647,8.647016224648642,1,36.33851333625672
3.716569595060145,2.4055885357135227,3,23.988688517806366
3.210999132729834,2.1204487787029276,5,7.554074865525271
2.4540395848865444,4.234371229842286,4,31.60041782584176
0.5507876748086251,2.149899431874284,2,1.1157719038199436
4.868826344772965,4.9370823734921885,5,32.64093484866911
1.2939511280689873,9.981533290937357,1,27.723548641306213
0.675884239487089,9.404673950184716,3,22.898183517878536
3.7088908440481108,7.220445639718901,2,30.423921190840467
0.9041184971464395,4.489206116426184,2,13.04899502584134
4.301316028939977,4.170243563367204,3,42.627402568620546
0.9045274592819388,9.90742289255025,1,32.935936591366826
4.61255876602881,5.040099577126433,1,42.088068282654255
1.8969634117724627,6.768790474687403,2,33.64372566780048
1.0489078868032518,8.350808885535898,5,9.9027422236156
2.2491591395245103,3.6068616665949738,4,28.72594326862554
3.3626979876022034,6.180013075978362,5,34.127347855536776
3.546011138991665,2.003051997978646,3,30.585816158082718
4.4591996314679045,7.985656354210727,4,34.601630591702026
0.6009124277258655,4.057866935991337,5,0.10719877620576378
3.241061163580084,6.622139270627006,4,36.73920375494984
1.6896434578325592,9.942194045108812,2,27.20492350897543
4.685361389066564,5.06335386067575,5,35.94024145062113
1.7985863230964225,9.754499407909707,5,24.01675274767018
2.062552778732378,5.854433835393593,1,39.39157959826704
0.6470526618025201,5.142799021784189,3,8.388004695777918
2.3049578545038605,7.177056303506079,3,42.433809963890106
3.4777510462447285,1.47552748429937,1,40.765943583402695
1.9126566432408598,2.336531083648597,3,16.579207169431214
2.8840176170327356,6.711129547370491,4,31.18196240187894
3.1250494763498757,2.454636344239056,4,18.495884895935415
2.5269706137320904,3.225779035250357,5,19.85567192881518
1.8836808060983272,8.254961513147862,1,45.85996807265685
2.4429508276190823,5.95970259676689,2,43.67204105119433
2.1186995161029287,8.14246985540987,4,28.378133753017995
3.342607033372747,7.971997383512892,4,36.302640000861565
3.296556512173989,3.470160193236786,1,46.94536616050794
4.168100534052436,5.293257593925377,2,42.25975556285038
4.311847499812213,3.1551205482792097,5,24.155273521055165
4.152379592773711,7.994003322830725,2,43.19111248654282
1.527179412567446,2.4424609921986975,5,0.32845960880703273
4.505026378945541,5.6752546016469445,1,34.196531398521174
1.356241023191341,4.407182491470106,2,27.82356414848718
4.621600497085803,8.060817132968364,5,36.787389461775646
2.165965157674451,7.5062115343482905,1,40.17282182877453
2.5062537457521117,6.66513765496166,5,30.771044604363762
0.5185476228105743,3.5882191601878666,1,22.487474692541596
4.714440089485815,4.1489857896845095,4,38.76642058515422
4.748804171828929,2.637816299107408,1,54.92027395220303
2.1236618266599163,8.786536023860446,5,26.18896477248477
4.7886417950256845,9.312586690691715,3,34.342669736818394
0.9290142266177985,1.8069506588524373,1,17.916726657790107
1.2749810074945,2.2417067270832356,1,34.87020498471131
4.296636984570982,4.0929028542005454,2,37.03523189324459
3.9343408740152697,7.17316226984867,5,37.73540261257773
4.458765219929171,3.4478955169495444,3,33.79704321568208
3.733136459948443,9.052700880098802,4,42.057170963712885
0.5227966311614678,5.12192855712004,1,22.326281810776784
4.14089827310727,6.180734474780076,5,37.82325787384261
4.518971107918944,5.61389691835014,4,36.25632460029116
2.7153215408837665,5.0595616894080075,3,44.15525491570338
2.4953976511186533,5.666713081184254,5,29.875378915649023
0.7340755860830618,7.182763368433362,2,15.859383265748619
2.2867129469516327,2.4697706934869363,5,4.694323684076779
4.205821478878844,2.4207799242654655,5,22.678519872156055
0.6753890963949991,8.283495556738565,1,27.66533639078647
0.6473737010492393,7.158431903659378,4,2.8129179063502647
3.198192879126881,2.06481216606298,1,37.740759936050274
2.254849393649699,4.141516832592333,1,36.12399288708416
1.8915598380373972,2.835982658527403,5,0.9884415634514325
4.268348849365859,2.453947040416046,5,26.9930457755303
2.9850886844484137,7.9470922286180965,2,40.68237970319968
0.8192386633318839,7.9935837460231,2,34.08887533500576
3.4437786524367318,8.08655824547931,1,62.74021488455529
4.039296481465239,2.8219259755918547,1,39.540799114261546
2.68426938046818,8.086760310668904,3,34.98963398913725
2.562390324666822,6.183761212338738,4,30.591057177494154
1.8714176271104528,4.1612508348011,3,30.138224850448825
2.8330243954625898,4.901381891467691,2,35.22175027169224
4.519285591997467,4.931167692262045,2,38.224708065506086
0.8182907797340822,7.570139507664711,4,21.486094066510518
2.2980484552229585,9.401798775369214,1,41.6322430444139
0.8525847305606833,9.382092501278423,5,14.62113943150484
1.305426779358788,4.4487075144889365,2,40.193294665281954
1.9664260537257976,5.6940419162126386,3,36.78205546557632
1.9675273303746694,7.0688563352112395,5,26.507607522894943
4.884880486059679,7.729594901794639,1,45.814941394147695
2.0118638599786327,3.878205389190245,4,27.879229232921144
4.663651597832055,9.32316925956312,1,45.02091579488764
0.6992675723733084,1.9531351714881888,5,0.0
4.01170938925133,5.349052760368718,1,49.50718298294188
1.0174172468997187,1.8573674926264014,1,16.76296470032604
4.114718992239226,5.240343159495119,4,35.12477535680418
3.38783901410122,2.94703461857235,4,32.0536686076823
2.2942310180225567,2.2103133102734924,2,19.926120905683508
4.716024575310474,4.24342976788628,1,41.671642776540544
4.397311460230849,1.8878682575944095,1,37.4292098541044
2.6934203076865777,4.221276994234338,4,26.71915375612916
0.6128945975263058,4.623179871095148,2,12.553373065626644
1.6237860300626732,8.579418017717247,2,42.45357246701005
4.658957855966358,4.454599318602986,1,44.13306016819654
3.741387052950145,1.9791356448781574,3,33.84293920431353
4.996276625131398,2.687071292779352,2,36.99772368279566
4.221954119670091,7.532975311090234,3,26.6415427034439
2.077670488252798,1.4627293606676788,4,0.09631343256772625
0.7631545620336107,3.273682861103853,3,8.919572631078312
1.810797468239875,8.604079525527116,1,30.661167362491895
2.43694065716186,3.4742323280006167,3,32.00072364732533
1.3642426435268806,2.7201248173964654,4,4.122912875799076
3.9945143073101996,9.490318613693034,4,43.38678261479826
3.3119173350460716,3.36773148691368,2,33.12665374757613
0.6641988319858242,2.07945949126257,2,2.7445176301761203
0.6547041297530988,4.519431612550013,5,1.12631892325157
3.0392771931270506,3.1704668892750387,4,28.47503020207256
4.745367525131358,1.9237312940888764,3,32.83458845357574
3.406754367205125,4.095661008171657,1,36.34963154240527
3.964228721484067,8.285026145151617,1,39.05622032760142
4.206900502293095,8.433904157820756,4,30.696226711254294
4.594926982916206,7.191316452249602,5,34.51841551081553
1.2645668991719405,3.649419475180231,4,1.7310819849422978
2.4811533867803472,5.267352772254251,1,49.30609753517142
2.8227354547452355,7.612600648953467,1,48.329917049215354
4.03361484457895,3.845326901860065,4,33.37053170475812
1.2463181785237174,9.256464488498557,1,52.452119041977966
3.2280672335159686,7.693807047482541,5,36.55995600802669
2.987608211210163,2.0170840784106745,1,28.07280177593516
1.8975103365700057,7.468119689943526,2,39.645054474734195
4.987878252014523,2.810046859511244,1,39.562282154753156
1.0654322375947807,1.7869085740731276,2,1.1866836493448902
1.990972639654451,8.629452340237092,3,28.006613818222416
4.44986210199359,6.5248818717215284,2,42.70437785392875
1.2810497136835144,6.085664029888186,2,29.321670291142798
0.8702016060873973,3.9767856349166895,3,8.640992742491544
1.2404827158102476,6.654229463574293,1,32.576471436761295
2.508177007421207,5.42101252627855,4,28.18127567664363
3.5274231193140633,4.719384173971043,3,32.59655987841543
4.322408751053484,1.4246501251112504,5,13.233215572851773
4.1928058049498285,5.980621082272558,5,34.2652626880916
2.40213517953835,9.927478427113398,5,36.231452404871746
1.6502355205739574,5.019660105086808,4,15.338483238373522
2.3609332984225233,3.4489522812520197,1,43.18531632254652
2.9989276105321734,6.870685537564225,4,27.28282892584048
2.279265093862887,3.4356470865955475,2,41.45561648740198
2.4847681043135292,6.720555404251183,1,48.797808619630906
4.323356010169233,7.623138469433878,5,41.94167062296133
2.605521871580254,8.181163046138618,5,37.09752503778157
2.613990535668021,4.690573233901404,1,34.939960636128234
1.1141194069461828,9.3137164375232,3,19.66003410433543
2.4522304902218477,2.622861717470901,3,22.471489034621282
1.7142219129796437,2.3292264445688575,3,26.990381735211866
1.7887684752758188,8.371191927510456,5,22.206088245795826
3.272555116164347,9.19352066192449,2,32.98429596916271
1.7271086565362044,2.2301310841243147,3,17.574537501888024
4.953236079499805,8.563809134998547,1,41.84592636190178
3.5921835083078815,5.278434423220986,4,34.93040877052299
1.9471674685372224,2.3428143178664644,3,10.583376778276525
3.2378337094822665,8.211949797543193,4,31.55174696791895
1.3081726006055157,1.912682561973662,3,2.1466119346874524
3.609602897289591,9.17129763415421,4,30.558191614832698
4.147346130948503,8.735298450902121,3,35.32738887329526
1.049538334198651,1.9144387632753408,4,0.1903956284759412
4.230863487308467,1.873929408927489,4,22.8136935471114
1.1924274858183506,9.107022510922912,1,27.886939930119627
3.0489080057516387,6.550524408166382,3,39.14321583440951
0.9470588237351691,6.291082744755208,5,13.616260615205617
3.427383939788913,5.991766360327556,5,36.499790326328444
3.043726465716364,8.968603539133401,3,32.31588660656062
0.8211563512888604,5.879313244269521,2,26.796089896239682
2.760848886617123,1.0454838343199189,5,0.14334762155989414
3.1383296524918673,3.3722238773777002,5,20.97685817807465
3.9762878636927805,1.5123288013230023,3,23.819275341153478
0.5769331333620946,8.110965491952784,3,16.158201587176144
4.565200597028743,4.844493674941824,1,39.61125580308566
1.783009197407948,3.8878420419618807,4,25.898480309565112
4.813637900373752,6.6301148733144615,1,30.757533391207705
4.472687371485721,5.849692917463449,2,46.64383941266992
1.0349895345278672,6.121824215115708,5,6.379736304281965
4.935942024418018,1.6044805040805246,1,41.508643481456595
1.168307891720887,8.352128789534374,4,24.27235924357387
3.1919203469729496,7.353121053554943,2,37.44848321513809
3.4140838119335455,8.950040913889055,2,38.085757832660214
2.702092870226724,5.794382870662254,2,39.034521344190175
3.8281452723308242,4.635696253731059,4,35.71034868769127
4.996403331066769,6.171535845241425,4,38.60018136000119
3.1607670735270457,7.289005662429644,5,32.80450585211729
0.5574447865771937,6.383369701521455,5,0.0
2.0233846811256573,3.3799259734411216,5,10.987963446075982
0.6667965951279498,3.3730511545682957,5,0.054544783667597053
4.071493310366123,6.382547744638183,1,43.34452337924276
4.102980470120524,7.380592869507817,1,36.94716403068055
2.2925223161093684,4.003343914659915,2,28.481856408576764
3.964660505879551,2.9923050823898594,2,40.477627798946706
4.105760481071728,2.9490922601649214,4,39.08456764711793
2.168958250184071,3.0318998195029367,2,26.892254253116786
3.958891064450061,7.83629125340147,5,31.687433638736923
3.166629787067291,6.929890320543114,1,35.68978021885462
1.7158763044026557,2.2433666093536524,5,0.14173479066665623
3.6249835202245153,5.841286986727076,3,38.652316053723624
4.142678717003653,1.0377547346265084,2,30.979236462974285
3.8776661031645876,6.320990028070118,5,31.403888364830994
2.704254448576686,6.8401532653929396,4,32.902399998914746
0.8417345065276146,1.0232157998284186,1,3.951663784784707
4.666946326781388,2.300448271093255,3,32.97094347263775
4.946794028997673,5.1984049191597315,3,40.301774218362695
3.5271002930923907,5.515111419749237,1,37.36958408157314
4.58329073630144,7.076316220777482,4,38.17477665228567
4.101564742709858,9.051301623470005,4,40.740472400737296
3.3810780421810964,5.905759890697702,5,35.749231777350225
2.036871498813568,9.379566989865369,4,24.44655729804299
3.3102147272081868,1.6001561196286835,4,11.366668136673784
2.5078518694955307,3.4485794288548557,2,36.92914333916503
4.963726662970232,1.9252174977051448,3,33.01076383289845
4.119567129317668,2.4944693193680316,1,43.920584240558675
3.6243118363702136,3.130087652943108,3,37.517218337909085
3.466967601029931,5.921554054750633,1,42.71699785982973
4.977789916058338,1.2709767471187323,3,22.88155961195469
1.466352647533793,6.185199040271409,5,13.417015053442421
4.465100586000439,7.793671813419172,2,55.75367985005807
1.6602296623627484,9.59740742218163,5,19.366614776809648
2.7178281140889324,7.769974735009031,5,31.766835313459385
4.664670113378092,2.442722473752884,2,33.37304124536232
0.7146142531084165,2.382513445253218,2,0.736482424764567
4.739634524949201,2.8558411426002412,5,29.13399134043919
2.5245868220739807,8.70997858804613,4,33.946944388968504
3.31078313181154,2.768335904539433,1,43.85730844399824
4.493357678059775,1.2383646208483308,1,40.893806047351696
3.19652722500788,5.7199731095943305,3,48.66099661715971
0.9009649118662391,3.278729793128073,4,0.5090724113072999
4.106573249650159,9.807223920177318,4,28.657689968835204
2.2282557737679265,9.35290164783028,5,32.32738918324018
3.027130006255457,1.4902076875033459,1,31.166804415886016
2.5748732624445902,5.463619247790427,5,28.89465578012719
0.9210462375865878,7.29470072762732,1,20.28505985921601
0.8379373151834781,9.85284401982122,5,9.072993126940005
2.5008832570549804,4.800186320338126,5,28.794927832743962
2.861396187413232,8.155323886008945,4,34.62396393902716
3.0693260466246395,2.4082642271342376,4,23.378686325444868
1.7041522924401622,8.928180471266767,5,33.34059438894937
1.7281406739990668,1.3546599291336574,3,0.8532329662770198
0.7717130552329211,2.0937721377830156,4,0.06356957999822659
2.5684329237183214,9.780602274078538,2,40.42691136040442
1.61017868942108,4.517576924736199,4,18.000076355768474
3.014667366421855,1.8763330666014033,4,7.192483409508352
0.6851631536739144,6.131418653034969,5,1.1200289856836925
1.8198360936100615,7.724030617093655,4,35.44302505121525
1.6224402653448897,7.967865699663945,5,30.634877092507754
1.1548061766543587,9.777546351597291,2,43.05392551830334
2.2894062091920087,8.777509350430734,5,29.381886187315395
4.010261737742052,6.935338753506919,1,43.75580622763783
2.8745533930044385,5.0254160817904925,5,20.630354894487393
0.9969131800000463,3.602640360734789,3,3.6366346549454587
0.5476502393229898,2.4676605435516965,5,0.0
4.1054396716736505,4.368186884781441,2,34.181086990222845
0.5004836584925325,8.410788056021055,2,17.353365911668256
1.5296475794274549,8.738239423871397,5,28.371107305739894
4.236960130563193,5.969005236625465,5,31.648065508242574
2.465562476385161,4.829483677166407,2,27.162107145048452
1.0975379238458247,1.1533769026689749,3,0.04514587435408777
1.496065130795666,9.93881548967822,4,22.894165077664564
0.6170411607429247,9.446349760649959,3,20.148835159851377
0.5568050441036116,7.339033644076091,5,1.335664593427329
4.168041859452458,8.757710808684287,2,28.071496756557888
3.317771362043405,4.315569268892352,3,28.08778563920664
1.9957537908352545,9.565407913135825,5,27.062232991444766
4.481823681845995,3.838784886380351,2,44.92679220633609
4.93765144501017,8.208381266695872,4,37.427867329426434
1.1147337352129199,3.0241424863270137,5,0.6211931613067841
3.7402887689720905,7.589823982477588,3,37.57404565330751
4.1746930741783,1.1642817117364408,3,15.642736933133333
2.3599643554218948,2.5055118379166488,3,21.974429681822762
1.6872614508151837,9.437597478171377,3,44.72920567156778
4.551043671531844,1.3595686578049415,2,32.119126094776774
3.345548464423885,7.714730075344555,5,36.09529886105279
4.9837388238479985,3.5016974855313467,1,46.861914477792915
1.5545281152064998,9.9339917148234,2,39.111499014142574
4.742328172173434,7.616342584015957,5,37.54126620980789
1.8562418591111152,8.587033007379162,5,33.06906038193617
3.392398573848049,5.2633678947601865,2,46.858902269789425
1.2781831431591062,7.329409606665274,5,14.80079204644404
3.6910805911418545,9.023172181410038,1,38.719103632186155
2.2704715481212396,1.9804441666080927,3,14.537794718346147
0.9633918001135289,9.743947088515421,1,24.860390594973275
1.7526539455440648,3.7273169755318256,4,14.44071092748621
1.609733223347856,2.7353080037746613,2,23.871536808091342
1.6675221295623057,1.1633232120658241,1,34.75932405185462
3.5162002647192665,8.243208071614905,4,35.587181431484055
3.3100889245296656,6.32765421806687,2,38.46367547509645
4.577976118249375,2.3073474220530525,1,35.621632283945694
3.0292102001886687,4.761298849674227,1,45.07742739963702
1.3431688420448225,9.33680785070965,5,26.28835819370295
3.832274832137081,8.587989694371302,5,29.104135656111147
0.7932261121620154,7.03497899252252,4,7.262374000974205
4.426397109410781,8.838313271170804,1,41.57052267071036
4.920701950215442,2.998649557068058,5,28.189125704116627
3.511011547666926,1.1939988265363626,4,1.854905535023119
4.882471538927213,2.186361612221855,1,47.04848463216628
3.5305827821765723,4.8876665559215144,2,40.70301204855061
2.2228664960888698,1.6244489265389062,1,31.651235513099195
1.1332578980594048,8.335451061357084,2,31.22612005755467
1.5705551338547634,5.849629799444301,5,19.607222412458174
2.267368113242367,2.736907198626657,4,14.24961006837593
1.068505331482982,2.899593630306491,4,1.2142003914989086
4.682876658862882,5.89205174213975,2,38.93616944607695
2.3612303653492095,6.695105346279572,1,43.81860935293992
